H_conc_ppm,RA_percent,data_type
0.0,60.61,synthetic
0.0,57.92,synthetic
0.0,61.5,synthetic
0.0,61.88,synthetic
0.0,56.1,synthetic
0.5,47.76,synthetic
0.5,50.62,synthetic
0.5,49.73,synthetic
0.5,50.33,synthetic
0.5,48.66,synthetic
1.0,44.04,synthetic
1.0,43.84,synthetic
1.0,42.41,synthetic
1.0,44.54,synthetic
1.0,43.22,synthetic
2.0,28.08,synthetic
2.0,30.53,synthetic
2.0,27.88,synthetic
2.0,31.55,synthetic
2.0,29.7,synthetic
3.0,20.63,synthetic
3.0,19.63,synthetic
3.0,23.44,synthetic
3.0,20.69,synthetic
3.0,20.14,synthetic
5.0,9.72,synthetic
5.0,11.49,synthetic
5.0,11.16,synthetic
5.0,11.25,synthetic
5.0,11.29,synthetic
7.0,9.46,synthetic
7.0,4.36,synthetic
7.0,4.15,synthetic
7.0,3.55,synthetic
7.0,6.41,synthetic
10.0,4.07,synthetic
10.0,1.58,synthetic
10.0,0.13,synthetic
10.0,0.16,synthetic
10.0,3.11,synthetic
